dataset_type,subject_number,session_number,trial_number
train,3,3,4
train,3,3,5
train,7,3,1
train,9,1,1
train,9,1,2
train,9,1,3
train,9,1,4
train,9,1,5
train,9,8,3
train,10,1,1
train,10,1,2
train,11,1,3
train,11,3,10
train,14,1,1
train,14,1,7
train,14,1,8
train,16,2,4
train,16,3,1
train,16,3,2
train,16,3,3
train,16,3,4
train,16,3,5
train,16,3,6
train,16,3,7
train,16,3,8
train,16,3,9
train,16,3,10
train,16,6,9
train,18,2,3
train,18,2,10
train,18,4,5
train,18,7,1
train,20,6,6
train,23,1,1
train,25,8,2
train,27,1,1
train,27,1,2
train,27,1,3
train,27,1,4
train,27,1,5
train,27,1,6
train,27,1,7
train,27,1,8
train,27,1,9
train,27,1,10
train,27,2,1
train,27,2,2
train,27,2,3
train,27,2,4
train,27,2,5
train,27,2,6
train,27,2,7
train,27,2,8
train,27,2,9
train,27,2,10
train,27,8,1
train,27,8,2
train,27,8,3
train,27,8,4
train,27,8,5
train,27,8,6
train,27,8,7
train,27,8,8
train,27,8,9
train,27,8,10
validation,31,1,1
validation,31,1,5
validation,32,1,1
validation,32,1,2
validation,32,1,3
validation,32,1,4
validation,32,1,5
validation,32,1,6
validation,32,1,7
validation,32,1,8
validation,32,1,9
validation,32,1,10
validation,33,1,1
validation,34,1,1
validation,34,1,2
validation,34,1,3
validation,34,1,4
validation,34,1,5
validation,34,1,6
validation,34,1,7
validation,34,1,8